model_name	ndcg@20	recall@20	hit@20	mrr@20	precision@20	map@20	giniindex@20	itemcoverage@20	shannonentropy@20	popularitypercentage@20	Value Unfairness of sensitive attribute gender	Absolute Unfairness of sensitive attribute gender	Underestimation Unfairness of sensitive attribute gender	Overestimation Unfairness of sensitive attribute gender	NonParity Unfairness of sensitive attribute gender	Differential Fairness of sensitive attribute gender
FOCF	0.232	0.2709	0.856	0.3913	0.112	0.1146	0.9539	0.2324	0.0071	0.8972	0.1293	0.1073	0.113	0.0163	0.0288	0.919
FOCF	0.0688	0.0823	0.4861	0.148	0.0355	0.0258	0.8859	0.4485	0.0043	0.2972	0.1287	0.1287	0.1287	0	0	1.0168
FOCF	0.1849	0.2201	0.7669	0.3337	0.0845	0.0883	0.9552	0.2258	0.0073	0.6043	0.1321	0.1064	0.0312	0.1009	0.0039	1.2062
FOCF	0.232	0.2709	0.856	0.3913	0.112	0.1146	0.9539	0.2324	0.0071	0.8972	0.1293	0.1073	0.113	0.0163	0.0288	0.919
FOCF	0.0688	0.0823	0.4861	0.148	0.0355	0.0258	0.8859	0.4485	0.0043	0.2972	0.1287	0.1287	0.1287	0	0	1.0168
FOCF	0.1849	0.2201	0.7669	0.3337	0.0845	0.0883	0.9552	0.2258	0.0073	0.6043	0.1321	0.1064	0.0312	0.1009	0.0039	1.2063
FOCF	0.232	0.2709	0.856	0.3914	0.112	0.1146	0.9539	0.2324	0.0071	0.8972	0.1293	0.1073	0.113	0.0163	0.0284	0.9184
FOCF	0.0688	0.0823	0.4861	0.148	0.0355	0.0258	0.8859	0.4485	0.0043	0.2972	0.1287	0.1287	0.1287	0	0	1.0168
FOCF	0.0688	0.0824	0.4866	0.1481	0.0355	0.0258	0.8859	0.4485	0.0043	0.2972	0.1287	0.1287	0.1287	0	0	1.0168
FOCF	0.1849	0.2201	0.7672	0.3338	0.0845	0.0884	0.9552	0.2258	0.0073	0.6045	0.1321	0.1064	0.0312	0.1009	0.0037	1.2061
FOCF	0.1849	0.2201	0.7669	0.3337	0.0845	0.0883	0.9552	0.2258	0.0073	0.6042	0.1321	0.1064	0.0312	0.1009	0.0038	1.2064
FOCF	0.232	0.2709	0.856	0.3913	0.112	0.1146	0.9539	0.2324	0.0071	0.8972	0.1293	0.1073	0.113	0.0163	0.0288	0.9189
FOCF	0.232	0.2709	0.856	0.3913	0.112	0.1146	0.9539	0.2324	0.0071	0.8972	0.1293	0.1073	0.113	0.0163	0.0288	0.919
FOCF	0.232	0.2709	0.856	0.3913	0.112	0.1146	0.9539	0.2324	0.0071	0.8972	0.1293	0.1073	0.113	0.0163	0.0288	0.919
FOCF	0.1849	0.2201	0.7669	0.3338	0.0845	0.0883	0.9552	0.2258	0.0073	0.6043	0.1321	0.1064	0.0312	0.1009	0.0039	1.2063
FOCF	0.232	0.2709	0.856	0.3913	0.112	0.1146	0.9539	0.2324	0.0071	0.8972	0.1293	0.1073	0.113	0.0163	0.0288	0.919
FOCF	0.1849	0.2201	0.7669	0.3338	0.0845	0.0883	0.9552	0.2258	0.0073	0.6043	0.1321	0.1064	0.0312	0.1009	0.0039	1.2062
FOCF	0.0689	0.0821	0.4856	0.1486	0.0356	0.0259	0.8859	0.4492	0.0043	0.2968	0.1287	0.1287	0.1287	0	0	1.0168
FOCF	0.2319	0.2709	0.856	0.3913	0.112	0.1146	0.9539	0.2324	0.0071	0.8972	0.1293	0.1073	0.1129	0.0163	0.0286	0.9199
FOCF	0.1849	0.2201	0.7669	0.3337	0.0845	0.0883	0.9552	0.2258	0.0073	0.6043	0.1321	0.1064	0.0312	0.1009	0.0039	1.2063
FOCF	0.0688	0.0824	0.4866	0.1481	0.0355	0.0258	0.8859	0.4485	0.0043	0.2972	0.1287	0.1287	0.1287	0	0	1.0168
FOCF	0.0688	0.0823	0.4861	0.148	0.0355	0.0258	0.8859	0.4485	0.0043	0.2972	0.1287	0.1287	0.1287	0	0	1.0168
FOCF	0.2319	0.2709	0.856	0.3913	0.112	0.1146	0.9539	0.2324	0.0071	0.8972	0.1293	0.1073	0.1129	0.0163	0.0286	0.9199
FOCF	0.1849	0.2201	0.7669	0.3337	0.0845	0.0883	0.9552	0.2258	0.0073	0.6042	0.1321	0.1064	0.0312	0.1009	0.0039	1.2063
FOCF	0.0688	0.0823	0.4861	0.148	0.0355	0.0258	0.8859	0.4485	0.0043	0.2972	0.1287	0.1287	0.1287	0	0	1.0168
FOCF	0.232	0.2709	0.856	0.3913	0.112	0.1146	0.9539	0.2324	0.0071	0.8972	0.1293	0.1073	0.113	0.0163	0.0288	0.919
FOCF	0.0689	0.0821	0.4856	0.1486	0.0356	0.0259	0.8859	0.4492	0.0043	0.2968	0.1287	0.1287	0.1287	0	0	1.0168
FOCF	0.2319	0.2709	0.856	0.3913	0.112	0.1146	0.9539	0.2324	0.0071	0.8972	0.1293	0.1073	0.113	0.0163	0.0288	0.9191
FOCF	0.0688	0.0823	0.4861	0.148	0.0355	0.0258	0.8859	0.4485	0.0043	0.2972	0.1287	0.1287	0.1287	0	0	1.0168
FOCF	0.1849	0.2201	0.7671	0.3336	0.0844	0.0883	0.9552	0.2255	0.0073	0.6041	0.1321	0.1065	0.0311	0.101	0.0036	1.2081
FOCF	0.1849	0.2201	0.7669	0.3337	0.0845	0.0883	0.9552	0.2258	0.0073	0.6043	0.1321	0.1064	0.0312	0.1009	0.0039	1.2062
FOCF	0.1849	0.2201	0.7669	0.3337	0.0845	0.0883	0.9552	0.2258	0.0073	0.6043	0.1321	0.1064	0.0312	0.1009	0.0039	1.2062
FOCF	0.2319	0.2709	0.856	0.3913	0.112	0.1146	0.9539	0.2324	0.0071	0.8972	0.1293	0.1073	0.113	0.0163	0.0288	0.9191
FOCF	0.232	0.2709	0.856	0.3913	0.112	0.1146	0.9539	0.2324	0.0071	0.8972	0.1293	0.1073	0.113	0.0163	0.0288	0.919
FOCF	0.0688	0.0823	0.4861	0.148	0.0355	0.0258	0.8859	0.4485	0.0043	0.2972	0.1287	0.1287	0.1287	0	0	1.0168
FOCF	0.232	0.2709	0.856	0.3913	0.112	0.1146	0.9539	0.2324	0.0071	0.8972	0.1293	0.1073	0.113	0.0163	0.0288	0.919
FOCF	0.1849	0.2201	0.7669	0.3337	0.0845	0.0883	0.9552	0.2258	0.0073	0.6042	0.1321	0.1064	0.0312	0.1009	0.0039	1.2065
FOCF	0.1849	0.2201	0.7671	0.3336	0.0844	0.0883	0.9552	0.2255	0.0073	0.6042	0.1321	0.1065	0.0311	0.101	0.0036	1.208
FOCF	0.0688	0.0824	0.4866	0.1481	0.0355	0.0258	0.8859	0.4485	0.0043	0.2972	0.1287	0.1287	0.1287	0	0	1.0168
FOCF	0.1849	0.2201	0.7669	0.3337	0.0845	0.0883	0.9552	0.2258	0.0073	0.6042	0.1321	0.1064	0.0312	0.1009	0.0038	1.2064
FOCF	0.0688	0.0823	0.4861	0.148	0.0355	0.0258	0.8859	0.4485	0.0043	0.2972	0.1287	0.1287	0.1287	0	0	1.0168
FOCF	0.232	0.2709	0.856	0.3913	0.112	0.1146	0.9539	0.2324	0.0071	0.8972	0.1293	0.1073	0.113	0.0163	0.0288	0.919
FOCF	0.1849	0.2201	0.7669	0.3336	0.0845	0.0883	0.9552	0.2258	0.0073	0.6042	0.1321	0.1065	0.0312	0.101	0.0037	1.2081
FOCF	0.0688	0.0823	0.4861	0.148	0.0355	0.0258	0.8859	0.4485	0.0043	0.2972	0.1287	0.1287	0.1287	0	0	1.0168
FOCF	0.0688	0.0823	0.4861	0.148	0.0355	0.0258	0.8859	0.4485	0.0043	0.2972	0.1287	0.1287	0.1287	0	0	1.0168
FOCF	0.1849	0.2201	0.7669	0.3337	0.0845	0.0883	0.9552	0.2258	0.0073	0.6043	0.1321	0.1064	0.0312	0.1009	0.0039	1.2062
FOCF	0.2319	0.2709	0.856	0.3913	0.112	0.1146	0.9539	0.2324	0.0071	0.8972	0.1293	0.1073	0.113	0.0163	0.0288	0.9191
FOCF	0.0689	0.0821	0.4856	0.1486	0.0356	0.0259	0.8859	0.4492	0.0043	0.2968	0.1287	0.1287	0.1287	0	0	1.0168
FOCF	0.232	0.2709	0.856	0.3913	0.112	0.1146	0.9539	0.2324	0.0071	0.8972	0.1293	0.1073	0.113	0.0163	0.0288	0.919
FOCF	0.0688	0.0823	0.4861	0.148	0.0355	0.0258	0.8859	0.4485	0.0043	0.2972	0.1287	0.1287	0.1287	0	0	1.0168
FOCF	0.0688	0.0823	0.4861	0.148	0.0355	0.0258	0.8859	0.4485	0.0043	0.2972	0.1287	0.1287	0.1287	0	0	1.0168
FOCF	0.1849	0.2201	0.7669	0.3337	0.0845	0.0883	0.9552	0.2258	0.0073	0.6043	0.1321	0.1064	0.0312	0.1009	0.0039	1.2062
FOCF	0.1849	0.2201	0.7669	0.3337	0.0845	0.0883	0.9552	0.2258	0.0073	0.6043	0.1321	0.1064	0.0312	0.1009	0.0039	1.2062
FOCF	0.2319	0.2709	0.856	0.3913	0.112	0.1146	0.9539	0.2324	0.0071	0.8972	0.1293	0.1073	0.1129	0.0163	0.0286	0.9199
MMFOCF	0.1648	0.1754	0.7238	0.3457	0.0697	0.0796	0.9549	0.2621	0.0063	0.501	0.1402	0.1258	0.018	0.1222	0.0082	1.3473
MMFOCF	0.1649	0.1754	0.7242	0.3461	0.0697	0.0797	0.9549	0.2621	0.0063	0.5009	0.1402	0.1258	0.018	0.1222	0.0084	1.3471
MMFOCF	0.2155	0.2326	0.7982	0.3853	0.1014	0.1092	0.9541	0.2246	0.0074	0.7629	0.1334	0.1208	0.0155	0.1179	0.0087	1.3446
MMFOCF	0.1648	0.1754	0.7237	0.3457	0.0697	0.0797	0.9549	0.2621	0.0063	0.501	0.1402	0.1258	0.018	0.1222	0.0084	1.3472
MMFOCF	0.2099	0.2381	0.8084	0.3628	0.1032	0.1032	0.9234	0.4019	0.0045	0.6464	0.1331	0.1203	0.0162	0.1168	0.0088	1.3414
MMFOCF	0.1649	0.1755	0.7238	0.3457	0.0697	0.0797	0.9549	0.2621	0.0063	0.5009	0.1402	0.1258	0.018	0.1222	0.0084	1.3472
MMFOCF	0.2154	0.2328	0.7988	0.3848	0.1015	0.1091	0.9541	0.2246	0.0074	0.763	0.1335	0.1208	0.0156	0.1179	0.0083	1.3444
MMFOCF	0.2155	0.2326	0.7982	0.3851	0.1015	0.1092	0.9541	0.2255	0.0073	0.7622	0.1335	0.1209	0.0156	0.118	0.0089	1.3439
MMFOCF	0.2099	0.2377	0.8079	0.3632	0.1032	0.1033	0.9236	0.401	0.0045	0.6465	0.1331	0.1203	0.0163	0.1168	0.0087	1.3414
MMFOCF	0.2098	0.2377	0.8079	0.3626	0.1031	0.1032	0.9235	0.4029	0.0045	0.6461	0.1331	0.1203	0.0162	0.1169	0.0089	1.3414
MMFOCF	0.2098	0.2378	0.8079	0.363	0.1032	0.1032	0.9235	0.4029	0.0045	0.6461	0.1331	0.1203	0.0162	0.1169	0.0089	1.3413
MMFOCF	0.1649	0.1755	0.7238	0.3457	0.0697	0.0797	0.9549	0.2621	0.0063	0.5011	0.1402	0.1258	0.018	0.1222	0.0084	1.3472
MMFOCF	0.2153	0.2325	0.7982	0.3853	0.1013	0.1091	0.9541	0.2246	0.0074	0.7616	0.1334	0.1208	0.0155	0.1179	0.0085	1.3446
MMFOCF	0.1648	0.1754	0.7237	0.3457	0.0697	0.0797	0.9549	0.2621	0.0063	0.501	0.1402	0.1258	0.018	0.1222	0.0084	1.3472
MMFOCF	0.2155	0.2326	0.7982	0.3851	0.1015	0.1092	0.9541	0.2255	0.0073	0.7622	0.1335	0.1209	0.0156	0.118	0.0089	1.3439
MMFOCF	0.2153	0.2327	0.7992	0.3852	0.1014	0.1091	0.9541	0.2261	0.0073	0.7625	0.1334	0.1208	0.0155	0.1179	0.0087	1.3447
MMFOCF	0.1648	0.1754	0.7237	0.3457	0.0697	0.0797	0.9549	0.2621	0.0063	0.501	0.1402	0.1258	0.018	0.1222	0.0084	1.3472
MMFOCF	0.2098	0.2377	0.8088	0.3629	0.1032	0.1032	0.9234	0.4032	0.0045	0.6458	0.1331	0.1204	0.0162	0.1169	0.009	1.3411
MMFOCF	0.2153	0.2326	0.7983	0.3853	0.1012	0.109	0.9541	0.2258	0.0073	0.762	0.1334	0.1208	0.0155	0.1179	0.0082	1.3451
MMFOCF	0.1648	0.1754	0.7237	0.3457	0.0697	0.0797	0.9549	0.2621	0.0063	0.501	0.1402	0.1258	0.018	0.1222	0.0084	1.3472
MMFOCF	0.2098	0.2378	0.8079	0.363	0.1032	0.1032	0.9235	0.4029	0.0045	0.6461	0.1331	0.1203	0.0162	0.1169	0.0089	1.3413
MMFOCF	0.2152	0.2324	0.7978	0.3851	0.1013	0.109	0.9541	0.2261	0.0073	0.7616	0.1333	0.1207	0.0155	0.1179	0.0082	1.3448
MMFOCF	0.2096	0.2374	0.8079	0.3626	0.1031	0.1031	0.9237	0.3994	0.0045	0.6465	0.1331	0.1203	0.0162	0.1168	0.0087	1.3415
MMFOCF	0.2157	0.233	0.7988	0.3854	0.1015	0.1093	0.9541	0.2252	0.0073	0.7624	0.1335	0.1208	0.0156	0.1179	0.0084	1.3445
MMFOCF	0.2153	0.2325	0.7983	0.3852	0.1013	0.109	0.9541	0.2252	0.0073	0.7621	0.1335	0.1208	0.0155	0.1179	0.0087	1.3444
MMFOCF	0.2154	0.2328	0.7982	0.3848	0.1014	0.1091	0.9541	0.2246	0.0074	0.7634	0.1335	0.1208	0.0156	0.1179	0.0085	1.3445
MMFOCF	0.1647	0.1753	0.7237	0.3452	0.0697	0.0796	0.9549	0.2618	0.0063	0.5004	0.1402	0.1258	0.0179	0.1223	0.0085	1.3473
MMFOCF	0.2152	0.2324	0.7982	0.3852	0.1012	0.109	0.9541	0.2261	0.0073	0.7618	0.1334	0.1208	0.0155	0.1179	0.0084	1.3447
MMFOCF	0.2097	0.2375	0.8081	0.3629	0.1031	0.1032	0.9236	0.4019	0.0045	0.6463	0.1331	0.1203	0.0162	0.1168	0.0087	1.3414
MMFOCF	0.2096	0.2373	0.8078	0.3628	0.103	0.1031	0.9235	0.4023	0.0045	0.6458	0.1331	0.1203	0.0162	0.1169	0.0089	1.3414
MMFOCF	0.1649	0.1755	0.7238	0.3457	0.0697	0.0797	0.9549	0.2621	0.0063	0.5009	0.1402	0.1258	0.018	0.1222	0.0084	1.3472
MMFOCF	0.1648	0.1754	0.7237	0.3457	0.0697	0.0797	0.9549	0.2621	0.0063	0.501	0.1402	0.1258	0.018	0.1222	0.0084	1.3472
MMFOCF	0.2098	0.2378	0.8079	0.363	0.1032	0.1032	0.9235	0.4029	0.0045	0.6461	0.1331	0.1203	0.0162	0.1169	0.0089	1.3413
MMFOCF	0.2156	0.2329	0.799	0.3858	0.1015	0.1092	0.9541	0.2252	0.0073	0.7625	0.1334	0.1208	0.0155	0.1179	0.0088	1.3442
MMFOCF	0.2156	0.2328	0.7983	0.3853	0.1015	0.1092	0.9541	0.2255	0.0073	0.7624	0.1335	0.1208	0.0156	0.1179	0.0088	1.344
MMFOCF	0.2099	0.2378	0.8075	0.3629	0.1031	0.1033	0.9235	0.4029	0.0045	0.646	0.1331	0.1203	0.0162	0.1168	0.0085	1.3417
MMFOCF	0.1648	0.1754	0.7237	0.3457	0.0697	0.0797	0.9549	0.2621	0.0063	0.501	0.1402	0.1258	0.018	0.1222	0.0084	1.3472
MMFOCF	0.2152	0.2321	0.798	0.3851	0.1013	0.1091	0.9541	0.2255	0.0073	0.762	0.1334	0.1208	0.0155	0.1179	0.0087	1.3445
MMFOCF	0.1648	0.1754	0.7237	0.3457	0.0697	0.0797	0.9549	0.2621	0.0063	0.501	0.1402	0.1258	0.018	0.1222	0.0084	1.3472
MMFOCF	0.2098	0.2378	0.8088	0.3631	0.1031	0.1032	0.9233	0.4026	0.0045	0.6457	0.1331	0.1203	0.0162	0.1168	0.0087	1.3415
MMFOCF	0.2098	0.2376	0.8076	0.363	0.1031	0.1032	0.9235	0.4023	0.0045	0.6463	0.1331	0.1203	0.0162	0.1168	0.0087	1.3414
MMFOCF	0.2153	0.2322	0.798	0.3851	0.1013	0.1091	0.9541	0.2246	0.0074	0.762	0.1335	0.1208	0.0155	0.1179	0.0084	1.3444
MMFOCF	0.1648	0.1754	0.7237	0.3457	0.0697	0.0797	0.9549	0.2621	0.0063	0.501	0.1402	0.1258	0.018	0.1222	0.0084	1.3472
MMFOCF	0.2096	0.2375	0.8078	0.3626	0.1031	0.1031	0.9234	0.4032	0.0045	0.646	0.1331	0.1203	0.0162	0.1169	0.0088	1.3413
MMFOCF	0.2098	0.2378	0.8081	0.3628	0.1031	0.1032	0.9236	0.4023	0.0045	0.6463	0.1331	0.1204	0.0162	0.1169	0.009	1.3415
MMFOCF	0.2099	0.2379	0.8086	0.363	0.1032	0.1032	0.9235	0.4019	0.0045	0.6461	0.1331	0.1204	0.0162	0.1169	0.0089	1.3413
MMFOCF	0.1648	0.1754	0.7237	0.3457	0.0697	0.0797	0.9549	0.2621	0.0063	0.501	0.1402	0.1258	0.018	0.1222	0.0084	1.3472
MMFOCF	0.1648	0.1754	0.7237	0.3457	0.0697	0.0797	0.9549	0.2621	0.0063	0.501	0.1402	0.1258	0.018	0.1222	0.0084	1.3472
MMFOCF	0.2098	0.2377	0.8076	0.363	0.1031	0.1032	0.9236	0.4023	0.0045	0.6462	0.1331	0.1203	0.0162	0.1169	0.0089	1.3413
MMFOCF	0.1647	0.1754	0.7238	0.3452	0.0697	0.0795	0.9549	0.2615	0.0063	0.5005	0.1402	0.1258	0.018	0.1222	0.0084	1.3472
MMFOCF	0.2155	0.2325	0.7985	0.3857	0.1014	0.1092	0.9541	0.2246	0.0074	0.7624	0.1334	0.1208	0.0155	0.1179	0.0086	1.3446
MMFOCF	0.1647	0.1754	0.7242	0.3452	0.0697	0.0796	0.9549	0.2624	0.0063	0.5005	0.1402	0.1258	0.018	0.1222	0.0084	1.3472
MMFOCF	0.21	0.238	0.8079	0.3633	0.1033	0.1033	0.9233	0.4035	0.0045	0.6457	0.1331	0.1203	0.0162	0.1169	0.0088	1.3415
MMFOCF	0.2155	0.2326	0.7982	0.3851	0.1015	0.1092	0.9541	0.2255	0.0073	0.7622	0.1335	0.1209	0.0156	0.118	0.0089	1.3439
NFCF	0.1189	0.1751	0.693	0.1861	0.0596	0.0465	0.9568	0.2371	0.0069	0.4598	0.1305	0.1071	0.0449	0.0856	0	1.2839
NFCF	0.1189	0.1751	0.693	0.1861	0.0596	0.0465	0.9568	0.2371	0.0069	0.4598	0.1305	0.1071	0.0449	0.0856	0	1.2839
NFCF	0.1189	0.1751	0.693	0.1861	0.0596	0.0465	0.9568	0.2371	0.0069	0.4598	0.1305	0.1071	0.0449	0.0856	0	1.2839
NFCF	0.1189	0.1751	0.693	0.1861	0.0596	0.0465	0.9568	0.2371	0.0069	0.4598	0.1305	0.1071	0.0449	0.0856	0	1.2839
NFCF	0.1189	0.1751	0.693	0.1861	0.0596	0.0465	0.9568	0.2371	0.0069	0.4598	0.1305	0.1071	0.0449	0.0856	0	1.2839
NFCF	0.1189	0.1751	0.693	0.1861	0.0596	0.0465	0.9568	0.2371	0.0069	0.4598	0.1305	0.1071	0.0449	0.0856	0	1.2839
NFCF	0.1189	0.1751	0.693	0.1861	0.0596	0.0465	0.9568	0.2371	0.0069	0.4598	0.1305	0.1071	0.0449	0.0856	0	1.2839
NFCF	0.1189	0.1751	0.693	0.1861	0.0596	0.0465	0.9568	0.2371	0.0069	0.4598	0.1305	0.1071	0.0449	0.0856	0	1.2839
NFCF	0.1189	0.1751	0.693	0.1861	0.0596	0.0465	0.9568	0.2371	0.0069	0.4598	0.1305	0.1071	0.0449	0.0856	0	1.2839
NFCF	0.1189	0.1751	0.693	0.1861	0.0596	0.0465	0.9568	0.2371	0.0069	0.4598	0.1305	0.1071	0.0449	0.0856	0	1.2839
NFCF	0.1189	0.1751	0.693	0.1861	0.0596	0.0465	0.9568	0.2371	0.0069	0.4598	0.1305	0.1071	0.0449	0.0856	0	1.2839
NFCF	0.1189	0.1751	0.693	0.1861	0.0596	0.0465	0.9568	0.2371	0.0069	0.4598	0.1305	0.1071	0.0449	0.0856	0	1.2839
NFCF	0.1189	0.1751	0.693	0.1861	0.0596	0.0465	0.9568	0.2371	0.0069	0.4598	0.1305	0.1071	0.0449	0.0856	0	1.2839
NFCF	0.1189	0.1751	0.693	0.1861	0.0596	0.0465	0.9568	0.2371	0.0069	0.4598	0.1305	0.1071	0.0449	0.0856	0	1.2839
NFCF	0.1189	0.1751	0.693	0.1861	0.0596	0.0465	0.9568	0.2371	0.0069	0.4598	0.1305	0.1071	0.0449	0.0856	0	1.2839
NFCF	0.1189	0.1751	0.693	0.1861	0.0596	0.0465	0.9568	0.2371	0.0069	0.4598	0.1305	0.1071	0.0449	0.0856	0	1.2839
NFCF	0.1189	0.1751	0.693	0.1861	0.0596	0.0465	0.9568	0.2371	0.0069	0.4598	0.1305	0.1071	0.0449	0.0856	0	1.2839
NFCF	0.1189	0.1751	0.693	0.1861	0.0596	0.0465	0.9568	0.2371	0.0069	0.4598	0.1305	0.1071	0.0449	0.0856	0	1.2839
NFCF	0.1189	0.1751	0.693	0.1861	0.0596	0.0465	0.9568	0.2371	0.0069	0.4598	0.1305	0.1071	0.0449	0.0856	0	1.2839
NFCF	0.1189	0.1751	0.693	0.1861	0.0596	0.0465	0.9568	0.2371	0.0069	0.4598	0.1305	0.1071	0.0449	0.0856	0	1.2839
NFCF	0.1189	0.1751	0.693	0.1861	0.0596	0.0465	0.9568	0.2371	0.0069	0.4598	0.1305	0.1071	0.0449	0.0856	0	1.2839
NFCF	0.1189	0.1751	0.693	0.1861	0.0596	0.0465	0.9568	0.2371	0.0069	0.4598	0.1305	0.1071	0.0449	0.0856	0	1.2839
NFCF	0.1189	0.1751	0.693	0.1861	0.0596	0.0465	0.9568	0.2371	0.0069	0.4598	0.1305	0.1071	0.0449	0.0856	0	1.2839
NFCF	0.1189	0.1751	0.693	0.1861	0.0596	0.0465	0.9568	0.2371	0.0069	0.4598	0.1305	0.1071	0.0449	0.0856	0	1.2839
NFCF	0.1189	0.1751	0.693	0.1861	0.0596	0.0465	0.9568	0.2371	0.0069	0.4598	0.1305	0.1071	0.0449	0.0856	0	1.2839
NFCF	0.1189	0.1751	0.693	0.1861	0.0596	0.0465	0.9568	0.2371	0.0069	0.4598	0.1305	0.1071	0.0449	0.0856	0	1.2839
NFCF	0.1189	0.1751	0.693	0.1861	0.0596	0.0465	0.9568	0.2371	0.0069	0.4598	0.1305	0.1071	0.0449	0.0856	0	1.2839
NFCF	0.1189	0.1751	0.693	0.1861	0.0596	0.0465	0.9568	0.2371	0.0069	0.4598	0.1305	0.1071	0.0449	0.0856	0	1.2839
NFCF	0.1189	0.1751	0.693	0.1861	0.0596	0.0465	0.9568	0.2371	0.0069	0.4598	0.1305	0.1071	0.0449	0.0856	0	1.2839
NFCF	0.1189	0.1751	0.693	0.1861	0.0596	0.0465	0.9568	0.2371	0.0069	0.4598	0.1305	0.1071	0.0449	0.0856	0	1.2839
NFCF	0.1189	0.1751	0.693	0.1861	0.0596	0.0465	0.9568	0.2371	0.0069	0.4598	0.1305	0.1071	0.0449	0.0856	0	1.2839
NFCF	0.1189	0.1751	0.693	0.1861	0.0596	0.0465	0.9568	0.2371	0.0069	0.4598	0.1305	0.1071	0.0449	0.0856	0	1.2839
NFCF	0.1189	0.1751	0.693	0.1861	0.0596	0.0465	0.9568	0.2371	0.0069	0.4598	0.1305	0.1071	0.0449	0.0856	0	1.2839
NFCF	0.1189	0.1751	0.693	0.1861	0.0596	0.0465	0.9568	0.2371	0.0069	0.4598	0.1305	0.1071	0.0449	0.0856	0	1.2839
NFCF	0.1189	0.1751	0.693	0.1861	0.0596	0.0465	0.9568	0.2371	0.0069	0.4598	0.1305	0.1071	0.0449	0.0856	0	1.2839
NFCF	0.1189	0.1751	0.693	0.1861	0.0596	0.0465	0.9568	0.2371	0.0069	0.4598	0.1305	0.1071	0.0449	0.0856	0	1.2839
NFCF	0.1189	0.1751	0.693	0.1861	0.0596	0.0465	0.9568	0.2371	0.0069	0.4598	0.1305	0.1071	0.0449	0.0856	0	1.2839
NFCF	0.1189	0.1751	0.693	0.1861	0.0596	0.0465	0.9568	0.2371	0.0069	0.4598	0.1305	0.1071	0.0449	0.0856	0	1.2839
NFCF	0.1189	0.1751	0.693	0.1861	0.0596	0.0465	0.9568	0.2371	0.0069	0.4598	0.1305	0.1071	0.0449	0.0856	0	1.2839
NFCF	0.1189	0.1751	0.693	0.1861	0.0596	0.0465	0.9568	0.2371	0.0069	0.4598	0.1305	0.1071	0.0449	0.0856	0	1.2839
NFCF	0.1189	0.1751	0.693	0.1861	0.0596	0.0465	0.9568	0.2371	0.0069	0.4598	0.1305	0.1071	0.0449	0.0856	0	1.2839
NFCF	0.1189	0.1751	0.693	0.1861	0.0596	0.0465	0.9568	0.2371	0.0069	0.4598	0.1305	0.1071	0.0449	0.0856	0	1.2839
NFCF	0.1189	0.1751	0.693	0.1861	0.0596	0.0465	0.9568	0.2371	0.0069	0.4598	0.1305	0.1071	0.0449	0.0856	0	1.2839
NFCF	0.1189	0.1751	0.693	0.1861	0.0596	0.0465	0.9568	0.2371	0.0069	0.4598	0.1305	0.1071	0.0449	0.0856	0	1.2839
NFCF	0.1189	0.1751	0.693	0.1861	0.0596	0.0465	0.9568	0.2371	0.0069	0.4598	0.1305	0.1071	0.0449	0.0856	0	1.2839
MMNFCF	0.12	0.1754	0.6882	0.1897	0.0594	0.0476	0.9567	0.2343	0.007	0.4604	0.1287	0.106	0.0443	0.0844	0	1.2839
MMNFCF	0.2631	0.2937	0.8849	0.4409	0.128	0.1355	0.9528	0.2274	0.0073	0.9739	0.1311	0.1002	0.0305	0.1006	0.0099	1.2839
MMNFCF	0.3917	0.4249	0.9561	0.5862	0.1974	0.2263	0.868	0.4617	0.0043	0.7478	0.1175	0.0982	0.0178	0.0997	0.0102	1.3113
MMNFCF	0.12	0.1754	0.6882	0.1897	0.0594	0.0476	0.9567	0.2343	0.007	0.4604	0.1287	0.106	0.0443	0.0844	0	1.2839
MMNFCF	0.12	0.1754	0.6882	0.1897	0.0594	0.0476	0.9567	0.2343	0.007	0.4604	0.1287	0.106	0.0443	0.0844	0	1.2839
MMNFCF	0.12	0.1754	0.6882	0.1897	0.0594	0.0476	0.9567	0.2343	0.007	0.4604	0.1287	0.106	0.0443	0.0844	0	1.2839
MMNFCF	0.4151	0.4484	0.9666	0.6152	0.208	0.2446	0.8498	0.5361	0.0038	0.718	0.1138	0.0965	0.0145	0.0993	0.0085	1.3188
MMNFCF	0.12	0.1754	0.6882	0.1897	0.0594	0.0476	0.9567	0.2343	0.007	0.4604	0.1287	0.106	0.0443	0.0844	0	1.2839
MMNFCF	0.3917	0.4249	0.9561	0.5862	0.1974	0.2263	0.868	0.4617	0.0043	0.7478	0.1175	0.0982	0.0178	0.0997	0.0102	1.3113
MMNFCF	0.12	0.1754	0.6882	0.1897	0.0594	0.0476	0.9567	0.2343	0.007	0.4604	0.1287	0.106	0.0443	0.0844	0	1.2839
MMNFCF	0.12	0.1754	0.6882	0.1897	0.0594	0.0476	0.9567	0.2343	0.007	0.4604	0.1287	0.106	0.0443	0.0844	0	1.2839
MMNFCF	0.12	0.1754	0.6882	0.1897	0.0594	0.0476	0.9567	0.2343	0.007	0.4604	0.1287	0.106	0.0443	0.0844	0	1.2839
MMNFCF	0.12	0.1754	0.6882	0.1897	0.0594	0.0476	0.9567	0.2343	0.007	0.4604	0.1287	0.106	0.0443	0.0844	0	1.2839
MMNFCF	0.12	0.1754	0.6882	0.1897	0.0594	0.0476	0.9567	0.2343	0.007	0.4604	0.1287	0.106	0.0443	0.0844	0	1.2839
MMNFCF	0.12	0.1754	0.6882	0.1897	0.0594	0.0476	0.9567	0.2343	0.007	0.4604	0.1287	0.106	0.0443	0.0844	0	1.2839
MMNFCF	0.12	0.1754	0.6882	0.1897	0.0594	0.0476	0.9567	0.2343	0.007	0.4604	0.1287	0.106	0.0443	0.0844	0	1.2839
MMNFCF	0.2631	0.2937	0.8849	0.4409	0.128	0.1355	0.9528	0.2274	0.0073	0.9739	0.1311	0.1002	0.0305	0.1006	0.0099	1.2839
MMNFCF	0.12	0.1754	0.6882	0.1897	0.0594	0.0476	0.9567	0.2343	0.007	0.4604	0.1287	0.106	0.0443	0.0844	0	1.2839
MMNFCF	0.4151	0.4484	0.9666	0.6152	0.208	0.2446	0.8498	0.5361	0.0038	0.718	0.1138	0.0965	0.0145	0.0993	0.0085	1.3188
MMNFCF	0.2631	0.2937	0.8849	0.4409	0.128	0.1355	0.9528	0.2274	0.0073	0.9739	0.1311	0.1002	0.0305	0.1006	0.0099	1.2839
MMNFCF	0.12	0.1754	0.6882	0.1897	0.0594	0.0476	0.9567	0.2343	0.007	0.4604	0.1287	0.106	0.0443	0.0844	0	1.2839
MMNFCF	0.12	0.1754	0.6882	0.1897	0.0594	0.0476	0.9567	0.2343	0.007	0.4604	0.1287	0.106	0.0443	0.0844	0	1.2839
MMNFCF	0.3407	0.3796	0.9392	0.5299	0.1715	0.1866	0.9162	0.3409	0.0054	0.8766	0.1209	0.0978	0.0209	0.1	0.0141	1.3043
MMNFCF	0.12	0.1754	0.6882	0.1897	0.0594	0.0476	0.9567	0.2343	0.007	0.4604	0.1287	0.106	0.0443	0.0844	0	1.2839
MMNFCF	0.12	0.1754	0.6882	0.1897	0.0594	0.0476	0.9567	0.2343	0.007	0.4604	0.1287	0.106	0.0443	0.0844	0	1.2839
MMNFCF	0.3407	0.3796	0.9392	0.5299	0.1715	0.1866	0.9162	0.3409	0.0054	0.8766	0.1209	0.0978	0.0209	0.1	0.0141	1.3043
MMNFCF	0.4151	0.4484	0.9666	0.6152	0.208	0.2446	0.8498	0.5361	0.0038	0.718	0.1138	0.0965	0.0145	0.0993	0.0085	1.3188
MMNFCF	0.3407	0.3796	0.9392	0.5299	0.1715	0.1866	0.9162	0.3409	0.0054	0.8766	0.1209	0.0978	0.0209	0.1	0.0141	1.3043
MMNFCF	0.12	0.1754	0.6882	0.1897	0.0594	0.0476	0.9567	0.2343	0.007	0.4604	0.1287	0.106	0.0443	0.0844	0	1.2839
MMNFCF	0.12	0.1754	0.6882	0.1897	0.0594	0.0476	0.9567	0.2343	0.007	0.4604	0.1287	0.106	0.0443	0.0844	0	1.2839
MMNFCF	0.12	0.1754	0.6882	0.1897	0.0594	0.0476	0.9567	0.2343	0.007	0.4604	0.1287	0.106	0.0443	0.0844	0	1.2839
MMNFCF	0.12	0.1754	0.6882	0.1897	0.0594	0.0476	0.9567	0.2343	0.007	0.4604	0.1287	0.106	0.0443	0.0844	0	1.2839
MMNFCF	0.12	0.1754	0.6882	0.1897	0.0594	0.0476	0.9567	0.2343	0.007	0.4604	0.1287	0.106	0.0443	0.0844	0	1.2839
MMNFCF	0.12	0.1754	0.6882	0.1897	0.0594	0.0476	0.9567	0.2343	0.007	0.4604	0.1287	0.106	0.0443	0.0844	0	1.2839
MMNFCF	0.12	0.1754	0.6882	0.1897	0.0594	0.0476	0.9567	0.2343	0.007	0.4604	0.1287	0.106	0.0443	0.0844	0	1.2839
MMNFCF	0.12	0.1754	0.6882	0.1897	0.0594	0.0476	0.9567	0.2343	0.007	0.4604	0.1287	0.106	0.0443	0.0844	0	1.2839
MMNFCF	0.12	0.1754	0.6882	0.1897	0.0594	0.0476	0.9567	0.2343	0.007	0.4604	0.1287	0.106	0.0443	0.0844	0	1.2839
MMNFCF	0.12	0.1754	0.6882	0.1897	0.0594	0.0476	0.9567	0.2343	0.007	0.4604	0.1287	0.106	0.0443	0.0844	0	1.2839
MMNFCF	0.12	0.1754	0.6882	0.1897	0.0594	0.0476	0.9567	0.2343	0.007	0.4604	0.1287	0.106	0.0443	0.0844	0	1.2839
MMNFCF	0.12	0.1754	0.6882	0.1897	0.0594	0.0476	0.9567	0.2343	0.007	0.4604	0.1287	0.106	0.0443	0.0844	0	1.2839
MMNFCF	0.12	0.1754	0.6882	0.1897	0.0594	0.0476	0.9567	0.2343	0.007	0.4604	0.1287	0.106	0.0443	0.0844	0	1.2839
MMNFCF	0.3917	0.4249	0.9561	0.5862	0.1974	0.2263	0.868	0.4617	0.0043	0.7478	0.1175	0.0982	0.0178	0.0997	0.0102	1.3113
MMNFCF	0.12	0.1754	0.6882	0.1897	0.0594	0.0476	0.9567	0.2343	0.007	0.4604	0.1287	0.106	0.0443	0.0844	0	1.2839
MMNFCF	0.12	0.1754	0.6882	0.1897	0.0594	0.0476	0.9567	0.2343	0.007	0.4604	0.1287	0.106	0.0443	0.0844	0	1.2839
BPR	0.1199	0.1752	0.6912	0.1897	0.06	0.0471	0.9567	0.2337	0.007	0.4595	0.128	0.128	0.128	0	0	1.0168
BPR	0.0652	0.0762	0.4465	0.1415	0.0304	0.0264	0.9151	0.4342	0.0042	0.2322	0.1297	0.1297	0.1297	0	0	1.0168
BPR	0.263	0.293	0.8781	0.4375	0.1294	0.1362	0.9512	0.3187	0.0052	0.9746	0.1451	0.1412	0.1412	0.0039	0.0886	0.1056
VBPR	0.2925	0.3272	0.9222	0.4781	0.1476	0.1505	0.8563	0.6744	0.003	0.6038	0.2882	0.2631	0.2291	0.0591	0.1211	0.8078
VBPR	0.1269	0.1497	0.6813	0.2524	0.0659	0.0521	0.8609	0.6916	0.0028	0.3523	0.149	0.1452	0.1442	0.0048	0.0415	0.5198
VBPR	0.0333	0.0468	0.275	0.0691	0.0164	0.0117	0.8156	0.7166	0.0029	0.1139	0.1281	0.1281	0.1281	0	0	1.0168